Date,Open,High,Low,Close,Volume,Adj Close
4/1/16,31.5,32.02,30.51,31.030001,32264300,31.030001
3/1/16,29.41,32.049999,29.309999,31.790001,34608700,31.790001
2/1/16,29.01,29.610001,27.1,29.139999,44516100,29.139999
1/4/16,30.549999,30.84,27.48,29.1,63397100,28.868889
12/1/15,29.99,31.49,29.77,31.15,52952200,30.902607
11/2/15,28.940001,30.99,28.879999,29.940001,168162300,29.481703
10/1/15,25.15,29.83,24.790001,28.92,70531700,28.477316
9/1/15,24.24,26.030001,23.68,25.219999,46312500,24.833952
8/3/15,26.120001,26.33,19.370001,24.82,38806900,24.223291
7/1/15,26.67,27.33,25.52,26.1,29094100,25.472519
6/1/15,27.26,27.68,26.530001,26.57,33375800,25.931219
5/1/15,27.09,27.790001,26.610001,27.27,34048900,26.389921
4/1/15,24.719999,28.68,24.57,27.08,67788700,26.206053
3/2/15,25.879999,26.120001,24.67,24.809999,35538800,24.009312
2/2/15,24,26.27,23.9,25.99,38124900,25.15123
1/2/15,25.34,25.459999,23.41,23.889999,47700900,22.908411
12/1/14,26.16,26.469999,24.059999,25.27,40687800,24.231712
11/3/14,25.49,27.1,25.48,26.49,28829100,25.164667
10/1/14,25.43,25.93,23.690001,25.809999,37177400,24.518688
9/2/14,25.889999,26.4,25.299999,25.620001,28269200,24.338196
8/1/14,25.07,26.450001,24.75,25.98,27001000,24.473497
7/1/14,26.27,27.15,25.15,25.15,34881200,23.691628
6/2/14,26.709999,27.530001,26.200001,26.280001,28162300,24.756104
5/1/14,26.73,26.959999,26.15,26.790001,21905100,25.030058
4/1/14,25.83,26.9,25.43,26.889999,32731000,25.123487
3/3/14,25.209999,26.35,24.92,25.889999,34011600,24.18918
2/3/14,25.129999,26.040001,24.32,25.469999,37064800,23.796772
1/2/14,27.860001,27.940001,24.9,25.129999,45898300,23.275745
12/2/13,26.65,28.09,26.200001,28.030001,36802800,25.961767
11/1/13,26.049999,27.5,26.030001,26.66,36825500,24.494661
10/1/13,23.940001,26.48,23.5,26.139999,40825700,24.016895
9/3/13,23.309999,24.91,22.92,23.889999,38743100,21.949642
8/1/13,24.6,24.870001,23.040001,23.139999,31680000,21.098066
7/1/13,23.209999,24.950001,22.76,24.370001,37830200,22.21953
6/3/13,23.370001,24.450001,22.76,23.190001,46064200,21.143656
5/1/13,22.1,24.129999,22.1,23.32,40605700,21.093718
4/1/13,23.030001,23.719999,21.110001,22.290001,45473700,20.162048
3/1/13,23.02,23.9,22.85,23.120001,35856200,20.912811
2/1/13,22.43,23.75,22.27,23.219999,42399400,21.003263
1/2/13,21.51,22.58,20.68,22.280001,45481800,19.989439
12/3/12,21.18,21.950001,20.26,20.99,48120000,18.83206
11/1/12,21.030001,21.780001,19.870001,21.129999,41367900,18.786226
10/1/12,22.73,23.18,20.969999,21.059999,45216000,18.723989
9/4/12,20.629999,22.959999,20.48,22.709999,57152600,20.190969
8/1/12,20.860001,21.190001,20.200001,20.709999,31618300,18.27326
7/2/12,20.74,21,19.360001,20.75,51637000,18.308554
6/1/12,18.82,20.84,18.02,20.84,62921700,18.387964
5/1/12,19.58,19.950001,18.32,19.09,46065700,16.654829
4/2/12,20.030001,20.110001,18.700001,19.58,43774500,17.082323
3/1/12,19.15,21,18.32,20.07,50233700,17.509817
2/1/12,18.940001,19.5,18.700001,19.049999,49933200,16.61993
1/3/12,18.23,19.27,18.23,18.709999,51444600,16.180189
12/1/11,15.89,18.280001,15.73,17.91,73366100,15.488358
11/1/11,16.129999,16.690001,14.68,15.91,64405900,13.62656
10/3/11,15.1,17.5,14.02,16.709999,70815300,14.311742
9/1/11,16.309999,16.450001,14.72,15.22,88186000,13.035591
8/1/11,18.389999,18.42,14.82,16.309999,93424200,13.836449
7/1/11,18.860001,19.530001,17.780001,17.91,56825300,15.193795
6/1/11,19.469999,19.6,17.969999,18.860001,53951800,15.999721
5/2/11,20.700001,20.709999,18.969999,19.639999,45910500,16.525524
4/1/11,20.139999,20.85,19.51,20.450001,56259100,17.207077
3/1/11,21.120001,21.17,18.6,20.049999,63914200,16.870508
2/1/11,20.379999,21.65,20.08,20.92,52895600,17.602545
1/3/11,18.49,20.74,18.120001,20.139999,76413100,16.829767
12/1/10,16.030001,18.49,16.030001,18.290001,57131500,15.283836
11/1/10,16.09,16.860001,15.63,15.83,55387200,13.124703
10/1/10,16.4,17.49,15.88,16.02,64676100,13.282233
9/1/10,14.73,16.700001,14.6,16.25,60450700,13.472926
8/2/10,16.32,16.540001,14.25,14.48,60617900,11.917247
7/1/10,14.33,16.57,13.75,16.120001,75597900,13.266992
6/1/10,16.24,16.51,14.27,14.42,83717300,11.867867
5/3/10,18.969999,19.34,15.15,16.35,106550400,13.371387
4/1/10,18.27,19.700001,18.18,18.860001,82505100,15.42412
3/1/10,16.1,18.940001,15.83,18.200001,93007300,14.884357
2/1/10,16.200001,17.030001,15.25,16.059999,77313200,13.134217
1/4/10,15.22,16.92,15.15,16.08,88647000,13.068995
12/1/09,16.27,16.49,15.13,15.13,62454500,12.296884
11/2/09,14.3,16.25,14.15,16.02,80429200,12.93612
10/1/09,16.309999,16.870001,14.15,14.26,103007100,11.514923
9/1/09,13.74,17.52,13.03,16.42,132466400,13.259119
8/3/09,13.65,14.88,13.16,13.9,86516200,11.158199
7/1/09,11.76,13.45,10.5,13.4,100768400,10.756824
6/1/09,13.82,13.99,11.25,11.72,87259400,9.408209
5/1/09,12.74,14.55,12.22,13.48,104569000,10.73271
4/1/09,9.91,12.81,9.8,12.65,133547800,10.071868
3/2/09,8.29,11.35,5.87,10.11,277438100,8.049532
2/2/09,12.03,12.9,8.4,8.51,194928800,6.77562
1/2/09,16.51,17.24,11.87,12.13,117847200,9.382162
12/1/08,16.360001,19.299999,15.35,16.200001,98683700,12.530176
11/3/08,19.780001,21.040001,12.58,17.17,134841700,13.029864
10/1/08,24,25.75,17.27,19.51,164650600,14.80563
9/2/08,28.540001,29.280001,22.16,25.5,105769100,19.351284
8/1/08,28.43,30.389999,27.76,28.1,43604700,21.041733
7/1/08,26.42,29.889999,25.6,28.290001,69943000,21.18401
6/2/08,30.75,31.139999,26.15,26.690001,75218200,19.985903
5/1/08,32.799999,33.619999,30.209999,30.719999,52851400,22.750843
4/1/08,37.360001,38.52,31.549999,32.700001,64485500,24.217207
3/3/08,33.34,37.740002,31.65,37.009998,59927700,27.409136
2/1/08,35.59,36.299999,33.09,33.139999,45001500,24.543064
1/2/08,37.099998,37.450001,32.919998,35.360001,55123800,25.950907
12/3/07,38.200001,38.200001,36.07,37.07,42936400,27.205885
11/1/07,40.889999,40.98,36.52,38.290001,45186900,27.863037
10/1/07,41.279999,42.150002,39.400002,41.16,32919400,29.951492
9/4/07,38.84,42.07,38.450001,41.400002,37426500,30.126137
8/1/07,38.599998,40.459999,36.200001,38.869999,46947200,28.095488
7/2/07,38.419998,40.98,37.73,38.759998,43667100,28.01598
6/1/07,37.68,39.77,36.650002,38.279999,43860200,27.669033
5/1/07,36.82,37.810001,36.450001,37.580002,31562900,26.968403
4/2/07,35.360001,37.240002,34.549999,36.860001,41666000,26.451712
3/1/07,34.610001,36,33.900002,35.360001,37497700,25.375271
2/1/07,36.18,36.5,34.5,34.91,34598700,25.05234
1/3/07,37.41,38.279999,35.759998,36.049999,34343100,25.668713
12/1/06,35.380001,38.490002,34.959999,37.209999,33604700,26.494669
11/1/06,35.200001,36.279999,34.619999,35.279999,23114100,24.936079
10/2/06,35.400002,36.48,34.919998,35.110001,26500400,24.815924
9/1/06,34.18,35.650002,33.759998,35.299999,24034200,24.950216
8/1/06,32.650002,34.439999,32.200001,34.060001,18494400,23.901922
7/3/06,33.099998,33.619999,32.060001,32.689999,24910500,22.94051
6/1/06,34.299999,34.919998,32.779999,32.959999,27849600,23.129986
5/1/06,34.639999,35.240002,33.700001,34.259998,24209600,23.863758
4/3/06,34.790001,34.990002,33.07,34.59,26428700,24.09362
3/1/06,32.970001,35,32.580002,34.779999,26519300,24.225964
2/1/06,32.66,33.75,32.209999,32.869999,26951100,22.895555
1/3/06,35.099998,35.630001,32.630001,32.75,34947000,22.642441
12/1/05,35.849998,36.259998,34.950001,35.049999,22568500,24.232595
11/1/05,33.970001,36.34,33.509998,35.720001,22225800,24.521015
10/3/05,33.599998,34.5,32.669998,33.91,23636600,23.278488
9/1/05,33.43,34.580002,33,33.669998,22843400,23.113731
8/1/05,34.57,34.619999,32.849998,33.610001,19156900,22.921251
7/1/05,34.849998,35.779999,33.93,34.5,22692600,23.52821
6/1/05,36.48,37.130001,34.150002,34.650002,24312400,23.630507
5/2/05,36.080002,37.34,35.560001,36.48,17054700,24.725296
4/1/05,36.18,36.599998,35.02,36.200001,21540700,24.535519
3/1/05,35.27,36.48,35.060001,36.060001,18737000,24.44063
2/1/05,36,36.610001,35.049999,35.200001,17348000,23.857742
1/3/05,36.709999,36.889999,34.950001,36.130001,19883000,24.335329
12/1/04,35.360001,37.75,35.27,36.5,18800400,24.584541
11/1/04,34.099998,36.860001,33.810001,35.360001,18420700,23.675732
10/1/04,33.700001,34.400002,32.650002,34.119999,16090400,22.845472
9/1/04,32.790001,34.529999,32.619999,33.580002,18122500,22.483912
8/2/04,32.650002,33.349998,31.42,32.790001,15559200,21.825542
7/1/04,32.400002,33.619999,31.5,33.25,22230200,22.131725
6/1/04,31,33.490002,30.82,32.400002,28805300,21.565952
5/3/04,30.120001,31.469999,29.549999,31.120001,20702700,20.590002
4/1/04,30.42,31.85,29.799999,29.950001,32068200,19.815891
3/1/04,32.689999,33.48,28.879999,30.52,40261200,20.193022
2/2/04,33.689999,33.990002,32.349998,32.52,18725500,21.516287
1/2/04,31,34.57,30.92,33.630001,23093800,22.115725
12/1/03,29.200001,31.290001,28.780001,30.98,20243900,20.373034
11/3/03,29.049999,29.950001,27.370001,28.67,22067400,18.731188
10/1/03,29.809999,31.299999,28,29.01,21493200,18.953321
9/2/03,29.75,32.419998,29.309999,29.809999,21533800,19.475992
8/1/03,28.200001,30.389999,27.18,29.57,16648400,19.200052
7/1/03,28.48,29.5,26.9,28.440001,22288900,18.466333
6/2/03,29.42,31.66,28.530001,28.68,20550900,18.622168
5/1/03,29.450001,29.450001,27.35,28.700001,19460600,18.514147
4/1/03,25.549999,29.780001,25.5,29.450001,21207800,18.997965
3/3/03,24.200001,28,23.16,25.5,26107100,16.44985
2/3/03,23.35,24.200001,21.299999,24.049999,23505800,15.514466
1/2/03,24.65,26.26,22.450001,23.139999,23240300,14.809159
12/2/02,27.98,27.98,24.1,24.35,20521100,15.583537
11/1/02,25.280001,27.4,23.200001,27.120001,28840700,17.225941
10/1/02,24.75,27.209999,21.4,25.25,34091600,16.038164
9/3/02,29.5,29.700001,23.51,24.65,31835500,15.657059
8/1/02,32.099998,32.98,28.27,30.15,26539000,19.017427
7/1/02,29.059999,32.200001,23.02,32.200001,39648900,20.310486
6/3/02,31.139999,31.4,27.42,29.049999,29971600,18.323589
5/1/02,31.75,33.450001,30.4,31.139999,23783100,19.519543
4/1/02,37.049999,37.799999,30.15,31.549999,31131400,19.776545
3/1/02,39.099998,41.84,36.830002,37.400002,25796800,23.443512
2/1/02,36.900002,39.650002,34.720001,38.5,25112400,24.133026
1/2/02,40.299999,41.34,34.490002,37.150002,24680100,23.178633
12/3/01,38.400002,41.389999,36.209999,40.080002,23080100,25.006718
11/1/01,36.25,41.779999,36.049999,38.5,16974400,23.914297
10/1/01,37.299999,39.490002,36.040001,36.41,19544800,22.616091
9/4/01,40.900002,42.169998,28.5,37.200001,42638800,23.106802
8/1/01,43,43.529999,39.84,40.900002,16831300,25.290556
7/2/01,48.919998,50.200001,42.990002,43.5,20559200,26.898268
6/1/01,48.990002,52.610001,46.259998,49,29526100,30.201281
5/1/01,48.049999,53.549999,47.509998,49,16915500,30.201281
4/2/01,41.52,50.009998,39.040001,48.529999,22337500,29.911594
3/1/01,45.5,46.599998,36.419998,41.860001,30658800,25.800524
2/1/01,46.5,48.450001,45.02,46.5,20455600,28.557514
1/2/01,46.75,48.75,42.625,45.98,24345500,28.238161
12/1/00,50.875,56.1875,47.1875,47.9375,17054700,29.44034
11/1/00,54.75,55.25,47.9375,49.5625,14524300,30.339558
10/2/00,58,59.9375,49,54.8125,20282300,33.553333
9/1/00,59.25,60.0625,55,57.8125,12225400,35.389774
8/1/00,51.9375,60.5,51.1875,58.625,11558800,35.80381
7/3/00,52.5,54.75,49.5,51.6875,13163300,31.5669
6/1/00,52.0625,54,47.9375,53,12857500,32.283199
5/1/00,159,162,48.75,52.625,14351800,32.054779
4/3/00,155.25,167.937515,143.0625,157.250015,21992900,31.927885
3/1/00,133.5,164.874985,126.249985,155.625,25483700,31.597942
2/1/00,134.25,143.124985,124.937485,132.375,23404600,26.79822
1/3/00,153,154.937485,133.062515,134.000015,22127500,27.12719
12/1/99,130.250015,159.500015,130.062515,154.749985,18000400,31.327848
11/1/99,133.625015,141.312515,128.187515,130.125,13982700,26.274286
10/1/99,117.875015,136.3125,114.624985,135.500015,18647600,27.359587
9/1/99,112.749985,122.499985,111.375,118.562485,15110400,23.939632
8/2/99,108.062485,119.687485,102.5625,112.3125,13061200,22.611515
7/1/99,112.062515,120,108.687515,108.999985,14029900,21.944616
6/1/99,102.125015,113.000015,99.812485,113.000015,14371200,22.67927
5/3/99,105.437485,111.75,100.250015,101.687485,16579100,20.408829
4/1/99,111,117.437485,100.5,105.375,17822500,21.148918
3/1/99,100.125,114.1875,97.562485,110.625,16621500,22.2026
2/1/99,104.937515,104.937515,95.750008,100.3125,15271900,20.061506
1/4/99,101.375015,105,94.062508,104.874985,16400200,20.973959
12/1/98,89.562508,103.937485,86.187508,102,13837000,20.398989
11/2/98,87.624992,94.625008,86.124992,90.375,12963700,18.011894
10/1/98,78.062492,88.937492,69,87.500008,23778900,17.438904
9/1/98,81,84.9375,72.624992,79.562492,24836600,15.856943
8/3/98,88.6875,91.937492,80.000008,80.000008,17736100,15.886555
7/1/98,91.6875,96.875015,88.062508,89.4375,15039600,17.76067
6/1/98,83.375008,92.000008,80.874992,90.875008,13249100,17.986599
5/1/98,85.437508,86.25,81,83.375008,11967700,16.50215
4/1/98,85.749992,89.4375,80.687492,85.187492,12855800,16.860888
3/2/98,77.750008,87.624992,75.249992,86.187508,12859800,17.058819
2/2/98,78.249992,78.9375,76.062508,77.750008,12368300,15.328313
1/2/98,73.3125,77.874992,70.250008,77.499992,14710300,15.279022
12/1/97,74.4375,76.562492,70.3125,73.374992,12147100,14.465784
11/3/97,66.125008,74.750008,65.687492,73.875,13962700,14.502659
10/1/97,68.499992,72,59.000008,64.625008,16429900,12.686761
9/2/97,63.999992,71.874992,63.500008,68.0625,14818400,13.361587
8/1/97,69.999992,70.562492,61.3125,62.562508,18058000,12.234112
7/1/97,65.937508,74.625,65.499992,70.125,14017700,13.712958
6/2/97,60.999992,68.25,59.874992,65.000008,13181800,12.661067
5/1/97,110.625,118.000015,58.125,60.375,18133100,11.760181
4/1/97,98.749985,112.249985,97.125,111,17675600,10.810601
3/3/97,102,107.25,98.25,99.250015,17205100,9.666238
2/3/97,103.875,108.375,102,102.874985,16183300,9.968883
1/2/97,98.749985,107.875015,95.875015,103.5,20005200,10.029449
12/2/96,103.375015,104.875015,94.750015,98.875015,20288300,9.581275
11/1/96,97.000015,106.125,96.250015,103.999985,13891100,10.027141
10/1/96,91.000015,97.5,90.499985,96.75,11097500,9.328135
9/3/96,82.249985,91.999985,81.75,91.000015,14013800,8.773752
8/1/96,82.125,87,82.125,83.125015,10777600,7.974191
7/1/96,86.875015,87.874985,77.875015,82.249985,14266900,7.890249
6/3/96,82.5,88.125,81.874985,86.749985,15856700,8.277805
5/1/96,77.125015,85.624985,73.750015,82.750015,15341900,7.896123
4/1/96,78.499985,80.625,74.125015,77.25,14498100,7.371304
3/1/96,76.125,79.5,73.624985,77.875015,14325000,7.430943
2/1/96,76.375015,80.500015,75.375,75.499985,15559800,7.161203
1/2/96,71.374985,76.750015,69.499985,76.750015,14750200,7.27977
12/1/95,67.5,73.125,67.5,72,14872600,6.829229
11/1/95,63,68.125015,61.750019,67.125,11811200,6.326225
10/2/95,63.499981,65.25,60.874981,63.250019,11596800,5.961026
9/1/95,58.750019,64.624985,58.375019,63.75,13961600,6.008146
8/1/95,58.999981,59.500019,56.875019,58.875,9894000,5.513294
7/3/95,56.500019,60.499981,56.374981,58.999981,13555600,5.524997
6/1/95,57.874981,58.375019,55.5,56.374981,13665300,5.279181
5/1/95,55.999981,59.25,55.750019,58.000019,14636400,5.391593
4/3/95,54.375,56.875019,53.374981,55.999981,12058000,5.205673
3/1/95,54.124981,55.375019,52.000019,54,12355500,5.019758
2/1/95,51.625019,55.999981,50.749981,54.75,13405100,5.051366
1/3/95,50.749981,52.999981,49.875,51.499981,11795800,4.751511
12/1/94,46.125,51.874981,45.375,51,14595100,4.705382
11/1/94,48.75,49.875,45.375,46.000019,12418900,4.209616
10/3/94,48.375,51,46.624981,48.874981,15516800,4.472713
9/1/94,49.999981,51.375,48.124981,48.124981,11463000,4.404078
8/1/94,50.25,51.250019,46.5,49.750019,14902900,4.519171
7/1/94,47.25,50.625,46.249981,50.374981,11518800,4.575941
6/1/94,49.624981,50.374981,45,46.624981,15792600,4.2353
5/2/94,95.25,99.375,46.624981,49.750019,14706800,4.48483
4/4/94,96.999962,99.624962,93.999962,95.25,16718000,4.293265
3/1/94,105.500038,106.5,96.624962,99.999962,15281300,4.507363
2/1/94,107.499962,109.749962,104.625,105.375,12584900,4.717259
1/3/94,104.625,109.5,102.624962,107.750038,15506800,4.823581
12/1/93,98.750038,107.000038,97.749962,104.874962,14050500,4.694875
11/1/93,96.875038,99.75,92.750038,98.375038,12351100,4.374018
10/1/93,95.750038,98.874962,94.749962,96.999962,9660200,4.312879
9/1/93,98.25,98.750038,94.5,95.874962,11791400,4.262858
8/2/93,98.499962,100.250038,96,98.25,9995600,4.34059
7/1/93,95.750038,100.875,94.5,98.499962,13224200,4.351633
6/1/93,93,96.375,92.750038,95.750038,12670500,4.230144
5/3/93,90.624962,95.124962,88.749962,92.750038,13567700,4.070144
4/1/93,89.499962,96,88.250038,90.624962,14412300,3.976889
3/1/93,84.500038,90.999962,83.25,89.124962,13607800,3.911065
2/1/93,86.000038,87.75,80.874962,84.125038,15481900,3.664452
1/4/93,85.625038,87.249962,82.5,86.124962,13333200,3.751568
12/1/92,82.5,87.500038,81.375,85.5,12088300,3.724344
11/2/92,76.875,83.750038,76.875,83.25,13563700,3.598893
10/1/92,78.500038,78.500038,73.125,76.749962,11200200,3.317896
9/1/92,73.875,79.749962,73.5,78.249962,12728400,3.382741
8/3/92,76.374962,76.875,72.999962,74.000038,11325600,3.175312
7/1/92,78.125038,78.75,74.750038,76.5,11794300,3.282585
6/1/92,76.5,79.374962,74.750038,77.750038,11081800,3.336223
5/1/92,76.374962,79.625038,75.125038,76.374962,12472900,3.25362
4/1/92,75.500038,79.250038,72.75,76.625038,16580700,3.264274
3/2/92,78.624962,79.875,75.624962,75.75,12393700,3.226997
2/3/92,75,80.750038,74.874962,78.624962,15444900,3.326301
1/2/92,75.624962,80.750038,73.625038,75.249962,19899600,3.183519
12/2/91,63.999962,78.125038,62.000038,76.5,23141700,3.236403
11/1/91,69.500038,70.5,64.374962,64.749962,16360900,2.716394
10/1/91,69.75,72.500038,65.25,69,16771600,2.894692
9/3/91,74.874962,75.375,67.374962,69.375,16903900,2.910424
8/1/91,73.374962,75.624962,68.874962,74.874962,15539600,3.118108
7/1/91,74.499962,75.75,71.375038,73.250038,14893900,3.050439
6/3/91,77.000038,77.625,72.875038,74.000038,13921800,3.081673
5/1/91,71.000038,77.375038,69.624962,77.25,14554500,3.217015
4/1/91,69.624962,75.75,69.500038,70.749962,16549000,2.926684
3/1/91,67.374962,70.5,65.499962,69.624962,17692000,2.880146
2/1/91,63.75,71.000038,63.249962,68.000038,25960800,2.812929
1/2/91,57.125038,64.125,53.000038,63.999962,22886000,2.627997
12/3/90,54.75,58.5,54.375,57.375,16428200,2.35596
11/1/90,51.624962,56.25,51.249962,54.75,19360400,2.227229
10/1/90,54.500038,57.375,50.000038,51.999962,23330300,2.115357
9/4/90,61.374962,62.375038,50.25,54.500038,24891500,2.21706
8/1/90,71.499962,72.125038,57.75,62.000038,24380200,2.501037
7/2/90,69.375,75.500038,69.375,71.625,18479800,2.889301
6/1/90,69.624962,71.124962,68.25,69.249962,14206200,2.793494
5/1/90,64.250038,70.125,64.250038,68.874962,17860800,2.778367
4/2/90,63.875038,67.250038,63.624962,63.999962,15020200,2.564221
3/1/90,61.625038,65.25,61.125,64.250038,17489500,2.57424
2/1/90,62.25,63.75,60.125038,61.749962,17795000,2.474072
1/2/90,64.625038,66.999962,60.75,62.25,22307900,2.475198
12/1/89,62.25,64.749962,61.625038,64.5,15624300,2.564663
11/1/89,55.374962,62.25,52.749962,62.000038,17576100,2.446939
10/2/89,56.874962,59.25,52.749962,55.374962,19546500,2.185469
9/1/89,57.375,58.5,54.75,56.499962,15176100,2.229869
8/1/89,58.5,59.124962,55.625038,57.624962,16202800,2.257727
7/3/89,51.875038,58.5,51.375,58.5,16086000,2.292011
6/1/89,54.624962,56.25,51.375,51.624962,18185600,2.022649
5/1/89,48.500038,54.999962,47.000042,54.624962,24066200,2.124269
4/3/89,44.625,49.250038,44.499958,48.875038,16441100,1.900664
3/1/89,45.624958,46.625042,43.749958,44.499958,16734200,1.730525
2/1/89,48.375,48.999962,45.125042,45.75,16406900,1.763191
1/3/89,44.625,48.500038,43.5,48.375,20552500,1.864358
12/1/88,45,46.625042,43.5,44.750042,16379200,1.724653
11/1/88,43.625042,45.75,42.125042,45,17501500,1.720644
10/3/88,43.374958,45.249958,42.624958,43.625042,14985300,1.668071
9/1/88,40.125,44.000042,39.375,43.374958,16521100,1.658508
8/1/88,42.500042,43.125,39,40.374958,14443700,1.531268
7/1/88,44.124958,44.750042,40.5,42.75,15590400,1.621344
6/1/88,42,44.499958,41.750042,43.875,18144200,1.664011
5/2/88,40.250042,42.249958,38.375042,42,16297200,1.579857
4/4/88,40.374958,42.875042,39,40.374958,21463800,1.51873
3/1/88,45.375,45.624958,39.999958,40.374958,19669000,1.51873
2/1/88,45.375,45.75,41.499958,45.500042,20511700,1.6982
1/4/88,44.625,47.874958,42.249958,45.125042,19834000,1.684204
12/1/87,42,47.375042,39,44.124958,23860400,1.646878
11/2/87,45.500042,47.750042,41.124958,42.375,24570800,1.568499
10/1/87,61.5,62.750038,38.750042,47.375042,38730000,1.753574
9/1/87,62.874962,63.375,57.249962,61.5,24490800,2.276406
8/3/87,58.250038,66.375,57.500038,62.499962,22797100,2.301204
7/1/87,54.375,59.499962,53.625,59.25,16970800,2.181543
6/1/87,52.749962,56.124962,51.249962,54.375,19416900,2.002049
5/1/87,103.125114,107.500076,50.750038,51.999962,24366800,1.902681
4/1/87,103.625038,112.874886,99.250076,103.5,30793800,1.893535
3/2/87,103.625038,111.624962,102,104.874962,24031500,1.91869
2/2/87,100.374962,104.25,96.499924,103.374962,27979700,1.879721
1/2/87,86.375038,103.999924,86.375038,100.249924,33549800,1.822897
12/1/86,82.000084,88.750084,81.499916,85.999916,26111800,1.563782
11/3/86,76.874878,83.874962,74.625122,82.999916,21041800,1.497844
10/1/86,72.250084,77.500084,70.625038,76.249916,16620800,1.376031
9/2/86,79.000084,79.750084,70.999916,71.874962,22211600,1.297079
8/1/86,73.125122,79.374962,71.375038,78.624962,14677300,1.407656
7/1/86,80.625122,82.5,71.25,73.000084,18524100,1.306951
6/2/86,79.999916,82.625038,79.000084,81,17964100,1.450177
5/1/86,77.874962,81.624962,75.125038,79.750084,17671000,1.417414
4/1/86,79.000084,82.5,71.500084,78.125038,18839700,1.388532
3/3/86,77.500084,79.374962,73.625038,78.499916,19285400,1.395194
2/3/86,71.124962,78.875038,70.999916,77.500084,17001200,1.377424
1/2/86,72,74.124962,66.499916,70.874878,14821200,1.25029
12/2/85,64.5,73.874878,64.374962,72.75,21066200,1.283369
11/1/85,57.624962,66.75,57.624962,65.625122,17505100,1.147447
10/1/85,57.499916,61.999916,56.25,57.624962,14024900,1.007565
9/3/85,61.125122,61.999916,56.749916,57.499916,14788500,1.005379
8/1/85,64.374962,64.5,59.749916,61.000084,9145900,1.056677
7/1/85,61.750084,64.249916,60.250084,64.125122,12827000,1.11081
6/3/85,61.000084,62.749916,59.124962,61.874878,14563200,1.07183
5/1/85,58.249916,61.750084,58.000084,60.624962,16553700,1.050179
4/1/85,58.999916,61.374962,58.374962,59.124962,12983700,1.014863
3/1/85,63.875038,64.874878,58.374962,59.124962,19220600,1.014863
2/1/85,62.749916,65.25,61.249916,63.624962,14300500,1.092104
1/2/85,56.375038,65.25,55.625038,63.875038,17978900,1.086955
12/3/84,55.374962,57.374878,52.999916,56.625122,11307800,0.963584
11/1/84,57.499916,58.874878,55.000084,55.374962,14618000,0.94231
10/1/84,55.249916,58.874878,53.25,57.499916,11354600,0.96888
9/4/84,56.25,59.375038,55.000084,55.750084,17738000,0.939395
8/1/84,52.5,59.375038,52.5,56.625122,16257300,0.945603
7/2/84,52.625038,52.999916,48.250084,52.5,13723300,0.876716
6/1/84,52.625038,54.499916,52.249916,52.625038,11091700,0.878804
5/1/84,55.750084,56.500084,50.500084,53.124962,12678400,0.878804
4/2/84,54.875038,56.25,51.250084,55.5,13241500,0.918092
3/1/84,51.374878,55.5,48.75,54.875038,14108600,0.907754
2/1/84,54.374878,55.999916,51,52.000084,17122200,0.851926
1/3/84,58.374962,58.999916,53.25,54.374878,12005600,0.890833
12/1/83,56.749916,58.874878,55.000084,58.625038,10841800,0.960464
11/1/83,51.875038,58.125122,51,57.125038,13462800,0.935889
10/3/83,52.5,56.124962,50.874962,51.75,12825600,0.840522
9/1/83,51,53.375038,49.000084,52.750084,11695800,0.856765
8/1/83,49.249916,51.250084,46.00008,51.125038,16676900,0.822912
7/1/83,55.000084,55.000084,49.000084,49.874878,13348200,0.802789
6/1/83,103.624802,105.124802,52.249916,55.000084,14953400,0.885285
5/2/83,110.625114,112.624802,103.249924,103.375198,14889300,0.824863
4/4/83,105,112.750076,102.749756,111.875038,12015600,0.892686
3/1/83,110.000168,111.250076,101.499832,105,13826000,0.837828
2/1/83,102.250076,109.5,99.250076,108.500168,16520300,0.859127
1/3/83,93.374878,103.5,90.749756,103.5,19143300,0.819534
12/1/82,92.250244,99.999832,91.125122,94.874878,13686900,0.751239
11/1/82,86.625122,94.249916,85.125122,92.49984,17102400,0.732433
10/1/82,75.99984,86.749916,74.625122,85.874878,19996100,0.673471
9/1/82,74.749916,79.375198,73.5,74.749916,18621000,0.586224
8/2/82,66.875038,75.875038,62.875202,75.250084,24078300,0.583642
7/1/82,63.624962,69.875038,62.875202,65.749916,13269400,0.509958
6/1/82,61.874878,64.249916,60,63.624962,12513800,0.493477
5/3/82,64.375198,66.250084,61.5,61.874878,10260200,0.473337
4/1/82,63.99984,66.374878,63,64.125122,9346200,0.490551
3/1/82,63.124798,63.99984,59.00016,63.374878,12762900,0.484811
2/1/82,61.874878,63.74976,58.874878,62.875202,11633600,0.474831
1/4/82,58.249916,62.625122,54.99984,62.49984,10810300,0.471996
12/1/81,60.250084,60.250084,57,57.374878,7593100,0.433293
11/2/81,54.99984,60.374878,54.99984,60.374878,9165800,0.449906
10/1/81,54.875038,57.74976,53.124962,54.250084,6666500,0.404265
9/1/81,55.874878,56.875202,51.124798,54.875038,11232600,0.408922
8/3/81,60.99984,61.375202,55.249916,55.874878,7117000,0.410287
7/1/81,61.874878,63.74976,59.124962,60.99984,8304600,0.44792
6/1/81,65.749916,66.875038,61.624798,61.874878,9308200,0.454345
5/1/81,65.625122,66.749756,62.25024,65.749916,9041500,0.476968
4/1/81,67.125122,69.875038,65.124962,65.625122,8392900,0.476063
3/2/81,66.124802,69.124802,65.00016,66.99984,10759400,0.486035
2/2/81,61.249916,67.750084,59.875202,66.749756,9935200,0.478779
1/2/81,61.375202,64.5,59.124962,61.249916,10732500,0.43933
12/1/80,60.99984,61.5,55.5,61.249916,7974700,0.43933
11/3/80,54.124798,63,54,61.874878,15087400,0.438286
10/1/80,52.624798,55.750084,51.50016,54.124798,9335100,0.383389
9/2/80,54.50016,55.874878,52.125122,52.624798,9625300,0.372764
8/1/80,56.124962,58.125122,54,54.50016,10418700,0.380647
7/1/80,51.50016,56.25024,51.124798,56.25024,7429000,0.39287
6/2/80,49.5,51.99984,44.625122,51.50016,9056400,0.359694
5/1/80,47.49984,50.25024,45.74976,49.5,7917700,0.345724
4/1/80,48.124798,48.74976,44.49984,47.49984,6328600,0.326713
3/3/80,50.25024,50.749916,44.00016,48.124798,9428800,0.331012
2/1/80,54.99984,56.375038,48.875038,50.25024,9404600,0.345631
1/2/80,50.625122,57.50016,47.875198,54.99984,10475100,0.372978
12/3/79,46.125122,51,45.74976,50.625122,7814600,0.343311
11/1/79,48.374878,48.624962,45,46.125122,6524300,0.312795
10/1/79,50.49984,52.249916,45.99984,48.374878,6527500,0.323193
9/4/79,53.25024,53.375038,50.124962,50.749916,6489000,0.33906
8/1/79,51.624962,56.749916,51,53.25024,5481100,0.350942
7/2/79,50.00016,51.99984,49.125122,51.624962,6186900,0.340231
6/1/79,49.125122,50.749916,48,50.00016,5273300,0.329523
5/1/79,49.125122,51.624962,48.50016,49.125122,5967200,0.323756
4/2/79,47.49984,49.750084,46.874878,49.125122,5876800,0.319202
3/1/79,45.99984,49.624798,45.74976,48,6499800,0.311891
2/1/79,48.250084,49.375202,45.50016,45.99984,6410200,0.298894
1/2/79,47.124958,50.375038,46.75008,48.250084,5675700,0.30911
12/1/78,47.625122,49.5,45.74976,47.124958,4352100,0.301902
11/1/78,48.50016,51,46.624802,47.124958,5954200,0.301902
10/2/78,53.00016,53.875202,45.99984,47.49984,7174000,0.300194
9/1/78,54.250084,55.249916,51.74976,52.874878,8298200,0.334164
8/1/78,53.625122,57.624962,53.25024,54.250084,7238400,0.338804
7/3/78,50.375038,54.50016,49.874878,53.625122,5816800,0.334901
6/1/78,52.874878,54.875038,49.249916,50.49984,5592000,0.315383
5/1/78,52.249916,54.74976,49.874878,52.874878,7675400,0.326156
4/3/78,46.624802,53.49984,45.875042,52.249916,9550000,0.322301
3/1/78,44.625122,47.875198,43.624802,46.624802,5106500,0.287603
2/1/78,45.74976,48,44.25024,44.74992,5547000,0.276038
1/3/78,49.624798,49.624798,45,45.74976,7010700,0.282205
12/1/77,50.124962,50.49984,47.375042,49.874878,6914700,0.304258
11/1/77,49.874878,52.750084,48.875038,50.124962,4814800,0.305783
10/3/77,51.374878,51.875038,48.99984,50.124962,5065600,0.302436
9/1/77,53.375038,55.125122,50.375038,51.250084,4629000,0.309225
8/1/77,54.374878,55.375202,51.624962,53.375038,4842300,0.318727
7/1/77,56.49984,56.49984,54,54.374878,5856200,0.324697
6/1/77,54.250084,57.250084,54,56.49984,5788800,0.337386
5/2/77,53.875202,55.624798,52.249916,54.250084,5692300,0.32069
4/1/77,49.125122,54.374878,47.875198,53.875202,8918100,0.318474
3/1/77,50.625122,52.5,48.99984,49.125122,4997000,0.290395
2/1/77,52.874878,53.375038,49.750084,50.49984,5557100,0.295853
1/3/77,54.99984,55.874878,52.249916,52.874878,6331400,0.309767
12/1/76,50.625122,55.750084,50.625122,55.624798,9157500,0.325877
11/1/76,53.375038,53.749916,50.124962,50.625122,4734900,0.294102
10/1/76,54.124798,54.50016,50.124962,53.375038,6745800,0.310078
9/1/76,53.00016,57,52.375202,54.124798,4540500,0.314434
8/2/76,54.50016,56.625122,52.125122,53.00016,3273800,0.305374
7/1/76,57.124798,59.25024,53.25024,54.50016,4654800,0.314016
6/1/76,50.875202,58.249916,50.625122,57.124798,5532400,0.329139
5/3/76,53.749916,54,49.874878,50.875202,4042300,0.290908
4/1/76,52.5,56.00016,51.250084,53.749916,4778900,0.307346
3/1/76,53.375038,54.250084,49.750084,52.5,5197900,0.300199
2/2/76,55.874878,55.874878,50.875202,53.375038,5547200,0.302862
1/2/76,46.125122,56.749916,45.99984,56.00016,6376200,0.317757
12/1/75,48.250084,48.74976,45.124802,46.125122,3347100,0.261724
11/3/75,48,50.00016,47.00016,48.250084,2568000,0.271524
10/1/75,44.00016,49.249916,42.25008,48.124798,3156900,0.270819
9/2/75,46.24992,47.00016,42,44.00016,3057800,0.247608
8/1/75,47.124958,47.375042,41.375042,46.24992,2931200,0.257834
7/1/75,52.624798,52.750084,46.5,47.25024,4016000,0.263411
6/2/75,45.74976,52.874878,44.49984,52.624798,4005400,0.293373
5/1/75,46.5,48.50016,44.49984,45.374878,4326400,0.250816
4/1/75,45.99984,48.99984,44.25024,45.99984,4200400,0.25427
3/3/75,44.124958,49.5,43.24992,45.99984,4933600,0.25427
2/3/75,38.625122,45.624958,38.124958,44.124958,5476500,0.243906
1/2/75,33.374878,39.74976,32.375042,38.625122,4952700,0.21152
12/2/74,36.74976,36.74976,30.74976,33.374878,3461200,0.182769
11/1/74,38.25024,40.5,33.25008,37.125122,3631600,0.201079
10/1/74,31.24992,38.875198,30.50016,38.25024,4394200,0.207172
9/3/74,37.874878,38.625122,30,31.24992,3866800,0.169257
8/1/74,42.99984,47.00016,35.00016,37.874878,2715700,0.202596
7/1/74,49.249916,49.750084,42.875042,42.99984,3005200,0.23001
6/3/74,48.250084,51,47.625122,49.249916,2709800,0.263442
5/1/74,51.124798,54,46.75008,48.250084,3580800,0.255955
4/1/74,54.250084,56.00016,50.25024,51,2510600,0.270543
3/1/74,56.625122,57.124798,50.749916,54.250084,4901900,0.287784
2/1/74,59.875202,59.875202,53.49984,56.625122,3046400,0.300383
1/2/74,62.749916,65.00016,59.00016,59.875202,3034400,0.315425
12/3/73,63.124798,63.250084,57,63,3802300,0.331886
11/1/73,65.375038,68.00016,60.624962,63.124798,3405000,0.332544
10/1/73,62.875202,68.625122,61.874878,65.375038,3335700,0.342238
9/4/73,59.25024,65.625122,56.124962,63,4786600,0.329805
8/1/73,62.749916,63,57.50016,59.124962,3790100,0.309519
7/2/73,57.374878,64.874878,55.750084,62.749916,3927500,0.326324
6/1/73,59.00016,61.750084,55.5,57.374878,2925400,0.298372
5/1/73,59.25024,63,54.99984,59.49984,4217800,0.307603
4/2/73,64.249916,64.874878,57.74976,59.25024,3751900,0.306313
3/1/73,66.875038,68.749916,62.25024,64.5,2969600,0.333453
2/1/73,69.99984,72.124802,65.124962,66.875038,3484500,0.345731
1/2/73,73.249916,75.875038,68.250244,69.99984,3392900,0.359982
12/1/72,68.00016,72.99984,67.125122,72.875038,3393000,0.374768
11/1/72,63.875038,68.250244,63.624962,67.874878,2763800,0.349054
10/2/72,66.374878,66.50016,61.874878,63.875038,3002100,0.326788
9/1/72,66.50016,67.375198,63.74976,66.374878,1512700,0.339577
8/1/72,63,69.99984,62.749916,66.50016,2543300,0.33839
7/3/72,65.749916,67.750084,62.49984,63,2617400,0.320579
6/1/72,68.749916,69.624962,65.124962,65.749916,2092800,0.334572
5/1/72,67.624802,70.249916,63.99984,68.749916,2182400,0.348031
4/3/72,64.624802,70.874878,64.125122,67.624802,2974300,0.342335
3/1/72,60.74976,65.00016,60.74976,64.624802,3936200,0.327149
2/1/72,62.00016,62.25024,58.249916,60.624962,4297200,0.305129
1/3/72,62.625122,65.00016,60.74976,62.00016,4257600,0.31205
12/1/71,60.124798,66.50016,59.625122,62.625122,3284000,0.315196
11/1/71,58.249916,59.875202,54.99984,59.749916,3739600,0.299003
10/1/71,61.5,64.750084,57.374878,58.249916,2906200,0.291497
9/1/71,62.00016,65.875198,59.749916,61.5,2552600,0.307761
8/2/71,53.375038,63.250084,53.124962,62.00016,4871700,0.30853
7/1/71,60.74976,61.750084,52.874878,53.375038,4797000,0.265609
6/1/71,119.875198,123.874557,57.74976,60.74976,3049300,0.302308
5/3/71,122.750404,124.249924,115.00032,119.875198,3682000,0.296534
4/1/71,112.00032,124.374725,111.124802,122.875198,4514700,0.303955
3/1/71,108,112.99968,106.99968,112.00032,3951800,0.277054
2/1/71,99.249596,108.500168,99.124802,108.124802,5728100,0.26586
1/4/71,93.874557,106.374725,93,99.249596,4641600,0.244037
12/1/70,88.374725,94.500481,86.875198,93.874557,4171600,0.230821
11/2/70,85.99968,88.99968,84.375359,88.374725,3605700,0.215684
10/1/70,84.375359,87.375359,82.500481,85.99968,3300200,0.209887
9/1/70,78.50016,86.875198,76.625275,84.375359,3221000,0.205923
8/3/70,76.249916,79.99968,73.374725,78.50016,3222400,0.190045
7/1/70,67.499519,78,66.749756,76.874878,3571600,0.18611
6/1/70,66.375359,70.99968,64.99968,67.499519,3490400,0.163413
5/1/70,71.250244,71.624641,60.249603,66.375359,3920400,0.159121
4/1/70,73.874878,76.99968,69.624962,71.250244,3800200,0.170807
3/2/70,70.874878,75.874557,69,73.750084,4408200,0.1768
2/2/70,72.624962,73.874878,67.625275,70.500481,4515000,0.167479
1/2/70,77.49984,77.624641,72.375359,72.375359,4038800,0.171933
12/1/69,80.125443,80.750397,74.125443,77.49984,4017100,0.184106
11/3/69,84.124802,85.625275,79.99968,80.125443,3081000,0.18876
10/1/69,85.00032,89.875198,82.374725,84.124802,3437200,0.198182
9/2/69,83.750397,86.624641,81,85.00032,3153300,0.200245
8/1/69,86.125443,88.249916,81.249603,83.750397,2730000,0.195769
7/1/69,90,91.249916,83.250244,86.125443,2537100,0.201321
6/2/69,94.00032,94.00032,88.374725,90,2902400,0.210377
5/1/69,97.750076,98.250244,93.50016,94.249916,2864400,0.218774
4/1/69,92.250244,97.750076,88.750084,97.750076,3132800,0.226899
3/3/69,86.49984,93,85.750084,92.250244,3217900,0.214133
2/3/69,92.375038,92.875198,85.125122,86.49984,3454400,0.200785
1/2/69,94.125122,96.249596,88.99968,92.750397,2909200,0.213676
12/2/68,99.624962,99.749756,93,93.874557,2904000,0.216266
11/1/68,94.99968,100.374725,93.50016,99.624962,3386500,0.228003
10/1/68,85.249916,97.99968,85.00032,94.99968,5667200,0.217417
9/3/68,84.124802,89.250244,82.750084,85.249916,3725300,0.195104
8/1/68,84.375359,85.374725,80.250244,84.124802,3401000,0.192529
7/1/68,86.250244,88.750084,82.99968,84.375359,5079500,0.193102
6/3/68,88.750084,91.499519,85.750084,86.250244,4368000,0.197393
5/1/68,95.875198,97.750076,86.49984,88.125122,2916200,0.201684
4/1/68,87.749756,96.624962,87.749756,95.875198,2968300,0.217796
3/1/68,87,90,84.749756,86.375038,2063000,0.196215
2/1/68,87.874557,91.374725,85.99968,86.875198,2472700,0.197351
1/2/68,96,100.00032,87.249603,87.874557,2404800,0.19813
12/1/67,104.125443,104.750404,92.250244,96,3315300,0.21645
11/1/67,105.624962,108,97.374725,104.125443,2512300,0.233298
10/2/67,112.125114,115.874886,105.500168,106.00032,1765900,0.237499
9/1/67,109.125114,115.499519,106.99968,112.125114,1670400,0.251222
8/1/67,108,110.499832,101.250244,109.249924,2373700,0.24478
7/3/67,86.875198,108.749756,85.750084,108,3544300,0.241979
6/1/67,85.99968,91.499519,83.750397,86.875198,2388600,0.194336
5/1/67,94.874878,94.99968,85.499519,85.99968,2382900,0.190892
4/3/67,84.874557,94.99968,83.750397,94.874878,3547200,0.210592
3/1/67,86.250244,94.249916,84.50016,84.874557,3330300,0.188394
2/1/67,87.874557,90.375359,82.500481,86.250244,3083100,0.190022
1/3/67,88.99968,91.499519,84.624962,87.874557,2837000,0.1936
12/1/66,97.99968,100.125114,84.249603,88.500481,2514200,0.194979
11/1/66,95.375038,99.749756,94.99968,97.99968,1855200,0.214502
10/3/66,85.00032,96.500168,82.750084,95.375038,2185100,0.208758
9/1/66,85.00032,90.749756,79.99968,85.00032,2916500,0.186049
8/1/66,93.624962,97.00032,83.49984,85.00032,2575700,0.184606
7/1/66,106.249924,110.750404,94.99968,95.49984,1665100,0.207409
6/1/66,104.125443,115.249924,103.99968,106.125114,1411600,0.230485
5/2/66,114.624962,114.624962,102.249596,104.125443,1614600,0.224746
4/1/66,109.499519,118.625275,107.624649,114.874557,1764900,0.247947
3/1/66,108.749756,111.624962,106.125114,109.499519,2047300,0.236345
2/1/66,114.624962,114.874557,108.624962,109.00032,1992700,0.233832
1/3/66,117.874557,120,114.249596,114.749756,1453700,0.246166
12/1/65,113.750404,119.624649,112.00032,118.00032,1742400,0.253139
11/1/65,118.249924,118.500481,112.500481,113.750404,1467300,0.242629
10/1/65,117,119.499832,115.00032,118.249924,1710100,0.252227
9/1/65,104.624649,120.249596,103.00032,117,2016400,0.249561
8/2/65,100.625275,106.625275,99.749756,104.624649,1386700,0.221883
7/1/65,95.875198,101.499832,95.750397,100.625275,1327500,0.213402
6/1/65,103.374725,103.874886,91.499519,95.875198,2125900,0.203328
5/3/65,104.624649,106.750076,100.500481,103.374725,1244600,0.217971
4/1/65,99.874557,104.250244,99.624962,104.250244,1299200,0.219817
3/1/65,99.874557,104.375038,98.250244,99.500168,1607300,0.209802
2/1/65,99.249596,100.500481,94.625275,99.874557,2125600,0.209424
1/4/65,92.750397,99.624962,91.00032,99.375351,1997700,0.208377
12/1/64,92.49984,93.249603,89.250244,93.249603,1584000,0.195532
11/2/64,87.50016,93.624962,87.124802,92.624641,1921000,0.19307
10/1/64,89.375038,90,84.375359,87.50016,1364500,0.182388
9/1/64,84,89.875198,83.49984,89.375038,1679000,0.186296
8/3/64,83.375038,84.624962,81,84,1719700,0.173998
7/1/64,79.874878,85.750084,79.874878,83.375038,2218400,0.172703
6/1/64,81,81.124802,78.749756,79.750084,1891200,0.165195
5/1/64,82.500481,84.375359,80.49984,81,1839300,0.166635
4/1/64,87.375359,89.125443,82.249916,82.374725,1587900,0.169464
3/2/64,85.874878,91.125122,84.749756,87.249603,2069900,0.179492
2/3/64,88.00032,89.750397,84.50016,85.625275,1472800,0.175043
1/2/64,87.124802,88.00032,84.50016,87.874557,1386300,0.179641
12/2/63,82.500481,87.50016,81.874557,87.124802,1783700,0.178109
11/1/63,83.750397,84.124802,75,82.500481,1480500,0.167534
10/1/63,79.374725,85.249916,77.49984,83.750397,1562200,0.170072
9/3/63,81.50016,83.750397,79.125122,79.374725,1499500,0.161187
8/1/63,78.124802,82.125122,77.875198,81.50016,973900,0.164495
7/1/63,78.874557,80.875198,76.125122,78.124802,1111400,0.157682
6/3/63,84,84.375359,77.750397,79.00032,1198000,0.159449
5/1/63,79.00032,84.249603,79.00032,84,1760200,0.168475
4/1/63,74.624641,79.99968,72.749756,78.749756,1839500,0.157945
3/1/63,72.874557,75.124802,71.750397,74.624641,1200900,0.149672
2/1/63,78.249603,79.125122,72.624962,72.749756,1332300,0.144938
1/2/63,76.750084,79.374725,75.624962,78.249603,1696100,0.155895
12/3/62,74.750397,77.624641,74.125443,76.750084,1440900,0.152908
11/1/62,67.750084,75.50016,67.125122,74.750397,1822000,0.147957
10/1/62,63.874557,68.49984,63,67.750084,1551400,0.134101
9/4/62,68.49984,68.624641,61.99968,63.874557,1470300,0.12643
8/1/62,66.375359,69.874557,64.374725,68.49984,1391100,0.134589
7/2/62,59.49984,66.624962,59.125443,66.375359,1727000,0.130415
6/1/62,65.750397,66.375359,54.249603,59.49984,2401300,0.116906
5/1/62,68.49984,72.249603,60,65.750397,2840200,0.128191
4/2/62,76.750084,76.750084,67.499519,68.49984,1786500,0.133552
3/1/62,75,78.50016,75,76.874878,1326500,0.14988
2/1/62,75,78,73.499519,74.624641,1524300,0.144564
1/2/62,75,76.249916,69,75,1825700,0.145292